[{"id":"user-image-The_Weeknd_Portrait_by_Brian_Ziff.jpg","publicUrl":"np://user.desktop.nicepage.com/Site_2376803879/images/The_Weeknd_Portrait_by_Brian_Ziff.jpg","size":3280491,"hash":"LJpv5G0nfJEnT1ZrWpP7WVvUrqQ=","fileName":"The_Weeknd_Portrait_by_Brian_Ziff.jpg","name":"The_Weeknd_Portrait_by_Brian_Ziff","width":1281,"height":1920,"thumbnail":{"url":"np://user.desktop.nicepage.com/Site_2376803879/images/thumbnails/The_Weeknd_Portrait_by_Brian_Ziff.jpg","width":167,"height":250},"folderId":null,"usages":["983714310"]},{"id":"user-image-ariana_grande_photo_jon_kopaloff_getty_images_465687098.jpg","publicUrl":"np://user.desktop.nicepage.com/Site_2376803879/images/ariana_grande_photo_jon_kopaloff_getty_images_465687098.jpg","size":480781,"hash":"98OJswHH8Jj5UIhe2bIyhuNUGhw=","fileName":"ariana_grande_photo_jon_kopaloff_getty_images_465687098.jpg","name":"ariana_grande_photo_jon_kopaloff_getty_images_465687098","width":2441,"height":2919,"thumbnail":{"url":"np://user.desktop.nicepage.com/Site_2376803879/images/thumbnails/ariana_grande_photo_jon_kopaloff_getty_images_465687098.jpg","width":209,"height":250},"folderId":null,"usages":["983714310"]},{"id":"user-image-eminem-52893634f7c035450a7b5ff2e040cacb4012395e-s1100-c50.jpg","publicUrl":"np://user.desktop.nicepage.com/Site_2376803879/images/eminem-52893634f7c035450a7b5ff2e040cacb4012395e-s1100-c50.jpg","size":37842,"hash":"aeXWtk5f2QwGtU85I+kli6gHHW0=","fileName":"eminem-52893634f7c035450a7b5ff2e040cacb4012395e-s1100-c50.jpg","name":"eminem-52893634f7c035450a7b5ff2e040cacb4012395e-s1100-c50","width":1000,"height":750,"thumbnail":{"url":"np://user.desktop.nicepage.com/Site_2376803879/images/thumbnails/eminem-52893634f7c035450a7b5ff2e040cacb4012395e-s1100-c50.jpg","width":250,"height":188},"folderId":null,"usages":["983714310"]},{"id":"user-image-photo-1429962714451-bb934ecdc4ec.jpg","publicUrl":"np://user.desktop.nicepage.com/Site_2376803879/images/photo-1429962714451-bb934ecdc4ec.jpg","size":85296,"hash":"EbpavykkPjevuLiPH6JB383X86M=","fileName":"photo-1429962714451-bb934ecdc4ec.jpg","name":"photo-1429962714451-bb934ecdc4ec","width":1000,"height":667,"thumbnail":{"url":"np://user.desktop.nicepage.com/Site_2376803879/images/thumbnails/photo-1429962714451-bb934ecdc4ec.jpg","width":250,"height":167},"folderId":null,"usages":["983714310"]},{"id":"user-image-Classical_spectacular10.jpg","publicUrl":"np://user.desktop.nicepage.com/Site_2376803879/images/Classical_spectacular10.jpg","size":422582,"hash":"dZ0Nl5LGCgFwLBkqfZHPRpf5vLQ=","fileName":"Classical_spectacular10.jpg","name":"Classical_spectacular10","width":1600,"height":1067,"thumbnail":{"url":"np://user.desktop.nicepage.com/Site_2376803879/images/thumbnails/Classical_spectacular10.jpg","width":250,"height":167},"folderId":null,"usages":["983714310"]},{"id":"user-image-ghghgh-min.jpg","publicUrl":"np://user.desktop.nicepage.com/Site_2376803879/images/ghghgh-min.jpg","size":56275,"hash":"IW9wGm1o9eiSySpZcOkJBWXAvJg=","fileName":"ghghgh-min.jpg","name":"ghghgh-min","width":1620,"height":1080,"thumbnail":{"url":"np://user.desktop.nicepage.com/Site_2376803879/images/thumbnails/ghghgh-min.jpg","width":250,"height":167},"folderId":null,"originalUrl":"//images01.nicepage.com/c461c07a441a5d220e8feb1a/11bb31d631025068b1d0d5c5/ghghgh-min.jpg","usages":["1101423"]},{"id":"user-image-3408455.png","publicUrl":"np://user.desktop.nicepage.com/Site_2376803879/images/3408455.png","size":13279,"hash":"Upfz/MGpmxPfbMIcscbuqw8ROBA=","fileName":"3408455.png","name":"3408455","width":128,"height":128,"thumbnail":{"url":"np://user.desktop.nicepage.com/Site_2376803879/images/thumbnails/3408455.png","width":128,"height":128,"length":13279,"type":"png"},"folderId":null,"originalUrl":"//images01.nicepage.com/c461c07a441a5d220e8feb1a/1b6a4fcf677259d4a7621fb5/3408455.png","usages":["1101423"]},{"id":"user-image-747376.png","publicUrl":"np://user.desktop.nicepage.com/Site_2376803879/images/747376.png","size":3180,"hash":"2GtKE06GHkdtnlYKlRxGrJLuY3w=","fileName":"747376.png","name":"747376","width":128,"height":128,"thumbnail":{"url":"np://user.desktop.nicepage.com/Site_2376803879/images/thumbnails/747376.png","width":128,"height":128,"length":3180,"type":"png"},"folderId":null,"originalUrl":"//images01.nicepage.com/c461c07a441a5d220e8feb1a/5a1cd75f8f805f28ac26bd04/747376.png","usages":["1101423"]},{"id":"user-image-woman.svg","publicUrl":"np://user.desktop.nicepage.com/Site_2376803879/images/woman.svg","size":684,"hash":"rT1XKqr24lv4P556xi0xlknnLjw=","fileName":"woman.svg","name":"woman","width":256,"height":256,"thumbnail":{"url":"np://user.desktop.nicepage.com/Site_2376803879/images/woman.svg","width":250,"height":250},"folderId":null,"originalUrl":"https://assets.nicepagecdn.com/30aa456b/4333860/images/woman.svg","usages":["983714310"]},{"id":"user-image-man.svg","publicUrl":"np://user.desktop.nicepage.com/Site_2376803879/images/man.svg","size":637,"hash":"G2stLfzsoCYXBMHwCBSKyZv+cVI=","fileName":"man.svg","name":"man","width":256,"height":256,"thumbnail":{"url":"np://user.desktop.nicepage.com/Site_2376803879/images/man.svg","width":250,"height":250},"folderId":null,"originalUrl":"https://assets.nicepagecdn.com/30aa456b/4333860/images/man.svg","usages":["983714310"]},{"id":"user-image-pexels-divyesh-maheshwari-3661650.jpg","publicUrl":"np://user.desktop.nicepage.com/Site_2376803879/images/pexels-divyesh-maheshwari-3661650.jpg","size":131568,"hash":"yvDbA9brjvjGQEUvud8KjS0oy8o=","fileName":"pexels-divyesh-maheshwari-3661650.jpg","name":"pexels-divyesh-maheshwari-3661650","width":1920,"height":1440,"thumbnail":{"url":"np://user.desktop.nicepage.com/Site_2376803879/images/thumbnails/pexels-divyesh-maheshwari-3661650.jpg","width":250,"height":188},"folderId":null,"usages":["983714310"]},{"id":"user-image-pexels-david-yu-1749822.jpg","publicUrl":"np://user.desktop.nicepage.com/Site_2376803879/images/pexels-david-yu-1749822.jpg","size":125458,"hash":"7QzPsE+tyutEawfDuyNxku4RXfM=","fileName":"pexels-david-yu-1749822.jpg","name":"pexels-david-yu-1749822","width":1920,"height":1251,"thumbnail":{"url":"np://user.desktop.nicepage.com/Site_2376803879/images/thumbnails/pexels-david-yu-1749822.jpg","width":250,"height":163},"folderId":null,"usages":["983714310"]},{"id":"user-image-artist3.jpg","publicUrl":"np://user.desktop.nicepage.com/Site_2376803879/images/artist3.jpg","size":105762,"hash":"BipjRaN8Ep5n5w2rGecNg/DMlFA=","fileName":"artist3.jpg","name":"artist3","width":640,"height":640,"thumbnail":{"url":"np://user.desktop.nicepage.com/Site_2376803879/images/thumbnails/artist3.jpg","width":250,"height":250},"folderId":null,"usages":["983714310"]},{"id":"user-image-artist1.jpg","publicUrl":"np://user.desktop.nicepage.com/Site_2376803879/images/artist1.jpg","size":26030,"hash":"Hxhb+46kbjK99TJ3NI3oTiPhVJ4=","fileName":"artist1.jpg","name":"artist1","width":500,"height":500,"thumbnail":{"url":"np://user.desktop.nicepage.com/Site_2376803879/images/thumbnails/artist1.jpg","width":250,"height":250},"folderId":null,"usages":["983714310"]},{"id":"user-image-Artist2.jpg","publicUrl":"np://user.desktop.nicepage.com/Site_2376803879/images/Artist2.jpg","size":132950,"hash":"k0g8lMR9pyZ4VNsI7au0do8oTaM=","fileName":"Artist2.jpg","name":"Artist2","width":1200,"height":1312,"thumbnail":{"url":"np://user.desktop.nicepage.com/Site_2376803879/images/thumbnails/Artist2.jpg","width":229,"height":250},"folderId":null,"usages":["983714310"]}]