[{"id":548425683,"status":2,"title":"Blog Template","order":1,"templateKey":"blog","customTemplate":false,"customTemplateFilename":null,"pageLinks":[],"dateCreated":"2023-09-07T16:36:16.800Z","dateUpdated":"2023-09-07T16:36:18.695Z","folderId":null,"pageName":"Blog Template"},{"id":146909257,"status":2,"title":"Post Template","order":2,"templateKey":"post","customTemplate":false,"customTemplateFilename":null,"pageLinks":[],"dateCreated":"2023-09-07T16:36:17.025Z","dateUpdated":"2023-09-07T16:36:18.712Z","folderId":null,"pageName":"Post Template"},{"id":56825796,"status":2,"title":"Product List Template","order":3,"templateKey":"products","customTemplate":false,"customTemplateFilename":null,"pageLinks":[],"dateCreated":"2023-09-07T16:36:17.216Z","dateUpdated":"2023-09-07T16:36:18.719Z","folderId":null,"pageName":"Product List Template"},{"id":2628627327,"status":2,"title":"Product Details Template","order":4,"templateKey":"product","customTemplate":false,"customTemplateFilename":null,"pageLinks":[],"dateCreated":"2023-09-07T16:36:17.420Z","dateUpdated":"2023-09-07T16:36:18.735Z","folderId":null,"pageName":"Product Details Template"},{"id":34228727,"status":2,"title":"Shopping Cart Template","order":5,"templateKey":"cart","customTemplate":false,"customTemplateFilename":null,"pageLinks":[],"dateCreated":"2023-09-07T16:36:17.601Z","dateUpdated":"2023-09-07T16:36:18.735Z","folderId":null,"pageName":"Shopping Cart Template"},{"id":238216716,"status":2,"title":"Checkout Template","order":6,"templateKey":"checkout","customTemplate":false,"customTemplateFilename":null,"pageLinks":[],"dateCreated":"2023-09-07T16:36:17.825Z","dateUpdated":"2023-09-07T16:36:18.752Z","folderId":null,"pageName":"Checkout Template"},{"id":1101423,"status":2,"title":"Login Template","order":7,"templateKey":"login","customTemplate":false,"customTemplateFilename":null,"pageLinks":["1533104259"],"dateCreated":"2023-09-07T16:36:17.944Z","dateUpdated":"2023-09-07T18:03:42.431Z","folderId":null,"pageName":"Login Template"},{"id":1886207886,"status":2,"title":"Page Password Template","order":8,"templateKey":"password","customTemplate":false,"customTemplateFilename":null,"pageLinks":[],"dateCreated":"2023-09-07T16:36:18.042Z","dateUpdated":"2023-09-07T16:36:18.775Z","folderId":null,"pageName":"Page Password Template"},{"id":518504909,"status":2,"title":"404 Not Found Template","order":9,"templateKey":"404","customTemplate":false,"customTemplateFilename":null,"pageLinks":[],"dateCreated":"2023-09-07T16:36:18.136Z","dateUpdated":"2023-09-07T16:36:18.791Z","folderId":null,"pageName":"404 Not Found Template"},{"id":574527266,"status":2,"title":"Thank You Page Template","order":10,"templateKey":"ThankYou","customTemplate":false,"customTemplateFilename":null,"pageLinks":[],"dateCreated":"2023-09-07T16:36:18.216Z","dateUpdated":"2023-09-07T16:36:18.791Z","folderId":null,"pageName":"Thank You Page Template"},{"id":983714310,"status":2,"title":"Home","order":50,"templateKey":null,"customTemplate":false,"customTemplateFilename":null,"pageLinks":[],"dateCreated":"2023-09-07T16:36:19.541Z","dateUpdated":"2023-09-08T09:06:26.567Z","folderId":null,"pageName":"Home_983714310"}]